{
  "formatVersion": 1,
  "database": {
    "version": 3,
    "identityHash": "0e7a0490f1b46e7e4f748304d46b3b08",
    "entities": [
      {
        "tableName": "User",
        "createSql": "CREATE TABLE IF NOT EXISTS `${TABLE_NAME}` (`id` INTEGER PRIMARY KEY AUTOINCREMENT NOT NULL, `name` TEXT, `age` INTEGER NOT NULL, `sex` TEXT, `desc` TEXT)",
        "fields": [
          {
            "fieldPath": "id",
            "columnName": "id",
            "affinity": "INTEGER",
            "notNull": true
          },
          {
            "fieldPath": "name",
            "columnName": "name",
            "affinity": "TEXT",
            "notNull": false
          },
          {
            "fieldPath": "age",
            "columnName": "age",
            "affinity": "INTEGER",
            "notNull": true
          },
          {
            "fieldPath": "sex",
            "columnName": "sex",
            "affinity": "TEXT",
            "notNull": false
          },
          {
            "fieldPath": "desc",
            "columnName": "desc",
            "affinity": "TEXT",
            "notNull": false
          }
        ],
        "primaryKey": {
          "columnNames": [
            "id"
          ],
          "autoGenerate": true
        },
        "indices": [],
        "foreignKeys": []
      }
    ],
    "views": [],
    "setupQueries": [
      "CREATE TABLE IF NOT EXISTS room_master_table (id INTEGER PRIMARY KEY,identity_hash TEXT)",
      "INSERT OR REPLACE INTO room_master_table (id,identity_hash) VALUES(42, '0e7a0490f1b46e7e4f748304d46b3b08')"
    ]
  }
}